title,company,location,link,link_hash,source,description,salary_range,job_type,work_auth,employment_type,job_status,search_keyword
Senior Software Engineer,Vectra,"Dublin, Ireland",https://boards.greenhouse.io/vectranetworks/jobs/7953663,28dde4344229dfee545c45aba79d2a4dcade2c966e3fb86779ab57d676005c88,khosla_jobs,,,,,On-site,active,software engineer
"Principal Software Engineer, Ads",DoorDash,"San Francisco, CA, USA, Sunnyvale, CA, USA, New York, NY, USA",https://careersatdoordash.com/jobs/principal-software-engineer-ads/7947255,1044578a1d8bb23f0d0d22ed0d37573452255c600e14eaf5f2b9257ef819fc51,khosla_jobs,,,,,On-site,active,software engineer
Software Engineer,ThoughtSpot,"Mountain View, CA, USA",https://www.linkedin.com/jobs/view/software-engineer-at-thoughtspot-4418241301,5494ec18bee478733976b95da4dc8286853c6aabaef0044e6a54940f25062737,khosla_jobs,,USD 100000.0-120000.0/year,,,On-site,active,software engineer
Sr. Software Engineer - Agentic AI,Volterra,"Bengaluru, Karnataka, India",https://ffive.wd5.myworkdayjobs.com/f5jobs/job/Bangalore-Non-SEZ/Sr-Software-Engineer---Agentic-AI_RP1037436-1,4a9405102be35c0e301fa2e026423ec3001cf2ea3831994e27723b8c09f9455f,khosla_jobs,,,,,On-site,active,software engineer
Software Engineer - Python Full Stack,Cape Analytics,,https://careers.moodys.com/en/job/bengaluru/software-engineer-python-full-stack/49841/95613193232,e7b48541c8bb931592a6977c9e660a71690a916d9c43acd01a5cdd07c9f39d80,khosla_jobs,,,,,On-site,active,software engineer
Staff Software Engineer - Python,Cape Analytics,,https://careers.moodys.com/en/job/bengaluru/staff-software-engineer-python/49841/95575145024,edeee9ca0412e9e3f5c5e8a2cd6e30d453e15842a74ce279a3198f027f482c32,khosla_jobs,,,,,On-site,active,software engineer
Software Engineer,Cape Analytics,,https://careers.moodys.com/en/job/heredia/software-engineer/49841/95607754208,f98cb55437dbdaddbe7ddd9b95d0b16a8981dc152e9432f3ef5e094901f7dc11,khosla_jobs,,,,,On-site,active,software engineer
Software Engineer II - MES,Rocket Lab,"Albuquerque, NM, USA",https://boards.greenhouse.io/rocketlab/jobs/7738610003,52e35e97422d8ea2b26a7b11da44edb043b77ff6217db8d7cba895e517e0d155,khosla_jobs,,,,,On-site,active,software engineer
Senior Software Engineer I,Rocket Lab,"Albuquerque, NM, USA",https://boards.greenhouse.io/rocketlab/jobs/7737069003,a0137d706ddde5af2359ce61fa3b117e7fd7977537f47172ed25997c541720e3,khosla_jobs,,,,,On-site,active,software engineer
"Software Engineer II, Backend (Repayment UX)",Affirm,"Spain, Remote",https://boards.greenhouse.io/affirm/jobs/7748356003,ad8a7a261ec0dc46c53900e2b0191cac7fc9f4038732a80a3bb6b343b9d4002c,khosla_jobs,,EUR 71000.0-101000.0/year,,,Remote,active,software engineer
"Software Engineer II, Backend (Repayment UX)",Affirm,"Poland, Remote",https://boards.greenhouse.io/affirm/jobs/7746922003,7a1478007f6111323c66a62672bc3767b9a93a4b92b254324d07e209eca40e73,khosla_jobs,,,,,Remote,active,software engineer
"Full-Stack Software Engineer, Compute Foundations",OpenAI,"San Francisco, CA, USA",https://jobs.ashbyhq.com/openai/1312f55e-ff56-4dab-9bf7-a91e2c157572,288b5321de29131591fd5313621e95d8dce58eaa4a1615cd3f156ca417f996b8,khosla_jobs,,USD 230000.0-347000.0/year,,,On-site,active,software engineer
"Software Engineer, Ad Formats",OpenAI,"San Francisco, CA, USA",https://jobs.ashbyhq.com/openai/0b212a4a-6709-4da8-b59d-283a9bbf812e,75a4869d55ec5a2f4973dce1d90f186d621fc823b113330a0da2c61b1d427cef,khosla_jobs,,USD 230000.0-385000.0/year,,,On-site,active,software engineer
"Software Engineer, Ads Manager",OpenAI,"Seattle, WA, USA",https://jobs.ashbyhq.com/openai/5a4eed17-29d5-41cb-856e-09bfdaffe017,862a4ee31663322d91fe64028a2c5aa49d86afbe768c80b8883c3f1431cc0e6e,khosla_jobs,,USD 230000.0-385000.0/year,,,On-site,active,software engineer
"Senior Software Engineer, Java Backend",Okta,"Bengaluru, Karnataka, India",https://boards.greenhouse.io/okta/jobs/7957614,933146ea5d62aba5ec5ee230bd0cf10d90eeac7c003fa9f7f7134c8db285c99e,khosla_jobs,,,,,On-site,active,software engineer
Senior Software Engineer - Sales Technology,Okta,Poland,https://boards.greenhouse.io/okta/jobs/7946586,1d365742737371052e2cc659b57060850fe39870fd2a47037c82c2b5c7ebe5e9,khosla_jobs,,,,,On-site,active,software engineer
Senior Software Engineer - Partner Integrations and Origination Platform,Upstart,"United States, Remote",https://boards.greenhouse.io/upstart/jobs/7957643,cd26d18362f21e152557f199019b04b97fa4f0c99b184e080ce5b2d84888c655,khosla_jobs,,USD 166900.0-230900.0/year,,,Remote,active,software engineer
"Senior Software Engineer, Trust & Safety",Replit,"Foster City, CA, USA",https://jobs.ashbyhq.com/replit/75477d6d-82e2-413c-b355-ec9426e56555,ac7f1950d9329dded994fe689d2cd508444b0cf8cd3a10142443e8bc325a85a8,khosla_jobs,,USD 210000.0-265000.0/year,,,On-site,active,software engineer
"Staff Software Engineer, Risk",Replit,"Foster City, CA, USA",https://jobs.ashbyhq.com/replit/76aebfe2-f481-4463-9650-1bdaffaeb24d,f61193451dda9dc4077e730d58a80afd03eec8cafd65a8f5bf4b7e753ed8757f,khosla_jobs,,USD 250000.0-315000.0/year,,,On-site,active,software engineer
"Staff Software Engineer, Trust & Safety",Replit,"Foster City, CA, USA",https://jobs.ashbyhq.com/replit/bd27a146-a100-4eef-80b5-f24a7ddff344,4da29cd2e132033e6ab4a91b4064262d84fb648c93dad0b9656f66494f362abb,khosla_jobs,,USD 250000.0-315000.0/year,,,On-site,active,software engineer
"Senior Software Engineer, Fraud",Replit,"Foster City, CA, USA",https://jobs.ashbyhq.com/replit/649b284a-75c3-4d58-9958-4db2740e6f8d,e805c02ed25f759a3b12875b03794c3abb7f13c61a55ede53b7ec98cdaf72632,khosla_jobs,,USD 210000.0-265000.0/year,,,On-site,active,software engineer
"Staff Software Engineer, Fraud",Replit,"Foster City, CA, USA",https://jobs.ashbyhq.com/replit/27618f18-d516-42c0-a321-592f18606431,640a5fe72540624a8e224ed5ce852d41ab349e950cf73e9245d7e2c16b87b8d7,khosla_jobs,,USD 250000.0-315000.0/year,,,On-site,active,software engineer
"Senior Software Engineer, Risk",Replit,"Foster City, CA, USA",https://jobs.ashbyhq.com/replit/3a657901-8b8e-47cd-a122-e45881eef124,3bc971037fa5c2ed9dcd6bcc6448c97d17cc62eb9cbd5e934fba10ea2c9d2b66,khosla_jobs,,USD 210000.0-265000.0/year,,,On-site,active,software engineer
"Senior Software Engineer, Platforms - Sydney",Arista Networks,"Sydney, NSW, Australia",https://jobs.smartrecruiters.com/AristaNetworks/744000128683773,93765c436fa649f4a0c71aa2c03048986ce190ea1c624c37d74cd18563ca82c7,khosla_jobs,,,,,On-site,active,software engineer
"Senior Software Engineer, EOS - Sydney",Arista Networks,"Sydney, NSW, Australia",https://jobs.smartrecruiters.com/AristaNetworks/744000128686310,a609356df7dbb283f800e738ce416c44f067f236e031257584b81c5b6b9d242a,khosla_jobs,,,,,On-site,active,software engineer
"Senior Software Engineer II AI-Native, backend Growth",Tile,"United States, Canada, Remote",https://boards.greenhouse.io/life360/jobs/8564809002,1d9b850349888483cf6af7eac824242d4bba44e96d592dfe656c189189920999,khosla_jobs,,USD 148000.0-216000.0/year,,,Remote,active,software engineer
Senior Software Engineer I,Rocket Lab,"Albuquerque, NM, USA",https://rocketlabcorp.com/careers/positions/senior-software-engineer-i-albuquerque-nm-7737069003/,832bed868f0489c64b107840d1513f3a03742d86b2c150a1719803890456647e,khosla_jobs,,,,,On-site,active,software engineer
Software Engineer II - MES,Rocket Lab,"Albuquerque, NM, USA",https://rocketlabcorp.com/careers/positions/software-engineer-ii-mes-albuquerque-nm-7738610003/,b72d6c08f05a1324afe08ba8f2cecd34f8f2e5fa299196100aef8e993f436e1c,khosla_jobs,,,,,On-site,active,software engineer
"Software Engineer (Backend), Content Foundations",Scribd,"San Francisco, CA, USA, Portland, OR, USA, Washington, USA, Austin, TX, USA, Houston, TX, USA, Toronto, ON, Canada, Phoenix, AZ, USA, Miami, FL, USA, Mexico City, Mexico, San Diego, CA, USA, Jacksonville, FL, USA, Sacramento, CA, USA, Vancouver, BC, Canada, Ottawa, ON, Canada, Los Angeles, CA, USA, New York, NY, USA, Salt Lake City, UT, USA, Boston, MA, USA, Denver, CO, USA, Chicago, IL, USA, Seattle, WA, USA, Dallas, TX, USA, Atlanta, GA, USA, Multiple locations",https://jobs.ashbyhq.com/ScribdInc/35fdbec7-a3b1-41bc-9f35-e3fb720c6d63,8884168943d9c356885769761887a17a405f1fc464d7cd57e7f362b711787aec,khosla_jobs,,USD 126000.0-196000.0/year,,,On-site,active,software engineer
Software Engineer - Backend,Opendoor,,https://www.opendoor.com/careers/open-positions/jobs/software-engineer-backend-f5f9ce42-406a-4970-86c5-ce1e511108b1,d5c1cb5044523c109a567c2bd9b2de350c38c54fbb8952c9474336726b518cc0,khosla_jobs,,,,,On-site,active,software engineer
Software Engineer - Backend ML Pricing,Opendoor,,https://www.opendoor.com/careers/open-positions/jobs/software-engineer-backend-ml-pricing-1eaff2f7-2acd-4568-8afb-784d01a79939,dd6046693c55d472a68c568a770b62bccd6ed8ddc49cef24544487608633bb0d,khosla_jobs,,,,,On-site,active,software engineer
"Software Engineer, Pricing MLOps",Opendoor,,https://www.opendoor.com/careers/open-positions/jobs/software-engineer-pricing-mlops-41d20db3-adae-4c3f-ad9d-e4c99edcaf77,f87cd31abf6859801290a4c33d9508b73ac872eb93cf0cc88b95b494d81b3d4b,khosla_jobs,,,,,On-site,active,software engineer
Software Engineer - Backend ML Pricing,Opendoor,,https://www.opendoor.com/careers/open-positions/jobs/software-engineer-backend-ml-pricing-f662b50c-cda8-4bce-84f6-336ee50958e5,0004a0ea65f94b190f466fe76c783a166409ed39ff3672880bae0217675f7661,khosla_jobs,,,,,On-site,active,software engineer
Software Engineer,Opendoor,,https://www.opendoor.com/careers/open-positions/jobs/software-engineer-b0be8a7b-d134-4465-9312-8857e303273e,4aeec91ffe78374586f084d24c2f14597b410410e0e2d8889e804186dfd2c4a4,khosla_jobs,,USD 247000.0-339900.0/year,,,On-site,active,software engineer
"Software Engineer, Pricing MLOps",Opendoor,,https://www.opendoor.com/careers/open-positions/jobs/software-engineer-pricing-mlops-71960519-a080-412b-8788-c134ba3a27ae,7749a0043bdf059172c70d3d143ef6be595896c4d307ac884c0713e0c0dabc3a,khosla_jobs,,,,,On-site,active,software engineer
Software Engineer | Private Cloud Systems,SingleStore,India,https://boards.greenhouse.io/singlestore/jobs/7534083,70ad9c293df32e81765c9302e5ab027b2bd68394223dae57af09373513cb3aaf,khosla_jobs,,,,,On-site,active,software engineer
Senior Software Engineer | Aura Platform,SingleStore,Portugal,https://boards.greenhouse.io/singlestore/jobs/7956622,6b3adb5adb96e378ae76d48101df40cd6c5dc796da8fcd4045caab16ff3492a8,khosla_jobs,,,,,On-site,active,software engineer
Staff Software Engineer (Generalist),Traba,"San Francisco, CA, USA, New York, NY, USA",https://jobs.ashbyhq.com/traba/f2967915-934d-43b5-b31e-edc575197d57,c484afdea36cc025f859a4c8004f12a460a789b790100f15d818991e46730a4b,khosla_jobs,,USD 240000.0-300000.0/year,,,On-site,active,software engineer
Staff Software Engineer (AI Agents),Traba,"San Francisco, CA, USA, New York, NY, USA",https://jobs.ashbyhq.com/traba/515a639c-cea8-4fef-a59f-cc6e0ea4a7cb,f61a669e981541b7a006d5bdea1ecce2aefa8560a5b86044002e6d4741e090ad,khosla_jobs,,USD 240000.0-300000.0/year,,,On-site,active,software engineer
Senior Software Engineer (AI Agents),Traba,"San Francisco, CA, USA, New York, NY, USA",https://jobs.ashbyhq.com/traba/be334dd3-ede8-4737-81fe-a937791880c6,500e8f147a8ad90b9e9bca53bc192198137b84551f4a4323f24f4cfd9bd9f8cc,khosla_jobs,,USD 200000.0-240000.0/year,,,On-site,active,software engineer
Software Engineer (Generalist),Traba,"New York, NY, USA",https://jobs.ashbyhq.com/traba/cae225b4-79fc-482e-8d3a-935d63e00c82,37319649251edd5429125278d14e145dad2d39870bdf328ec700e74ba8a2609a,khosla_jobs,,USD 140000.0-200000.0/year,,,On-site,active,software engineer
Senior Software Engineer (Generalist),Traba,"San Francisco, CA, USA, New York, NY, USA",https://jobs.ashbyhq.com/traba/fca99734-b011-40cf-97d8-c9266dd29e64,2f54569f02d2e084457ef5bdcaa677f3ea85166da53785b585a45c495b15be53,khosla_jobs,,USD 200000.0-240000.0/year,,,On-site,active,software engineer
Software Engineer Backend Developer,Cape Analytics,,https://careers.moodys.com/en/job/noida/software-engineer-backend-developer/49841/95290309984,632ce505c68c904bc21c79224a5f31258008d3a095fa327b30c35f28726bd9c9,khosla_jobs,,INR 1823100.0-3053700.0/year,,,On-site,active,software engineer
Senior Software Engineer - Python Full Stack,Cape Analytics,,https://careers.moodys.com/en/job/bengaluru/senior-software-engineer-python-full-stack/49841/95575145040,ace18540f88bdcfeebc3ae2dc6a0fd4c5fa35edbaea9288e468bb9bb730779bf,khosla_jobs,,,,,On-site,active,software engineer
Senior Software Engineer,Cape Analytics,,https://careers.moodys.com/en/job/bengaluru/senior-software-engineer/49841/95239879776,31ce20c3c8c75a752f59e629fc15767486aaaf02fb945711a2cebc272757370f,khosla_jobs,,,,,On-site,active,software engineer
Software Engineer Backend Developer,Cape Analytics,,https://careers.moodys.com/en/job/noida/software-engineer-backend-developer/49841/95290310080,d688b14c2ffc055d7111f5ab5c1419cd74b506c37fd00775789b41ef26c634b5,khosla_jobs,,,,,On-site,active,software engineer
Staff Software Engineer,Cape Analytics,,https://careers.moodys.com/en/job/brussels/staff-software-engineer/49841/94478109744,b61b901dd33dc4f22115407a5ecb89185d5b3d1e0480c950052d9173caeaab04,khosla_jobs,,,,,On-site,active,software engineer
Software Engineer,Cape Analytics,,https://careers.moodys.com/en/job/heredia/software-engineer/49841/94478111104,a21310688de6a0b77d9811b22d79cad23c1c64df681f143d468527cd94723cd7,khosla_jobs,,,,,On-site,active,software engineer
Software Engineer,Cape Analytics,,https://careers.moodys.com/en/job/vilnius/software-engineer/49841/94478111424,396cd63acdf813e726fbd1fa97ac4ae26918ebc6b8ddb97e8ad98771f4a92678,khosla_jobs,,EUR 44200.0-70800.0/year,,,On-site,active,software engineer
Senior Software Engineer - Data Engineering,Cape Analytics,,https://careers.moodys.com/en/job/heredia/senior-software-engineer-data-engineering/49841/94478111088,5a0558f62a44ddc42d13b5fb9a97af42c7f81b03e6456a256630599f1aa08dcc,khosla_jobs,,,,,On-site,active,software engineer
Specialist Solutions Architect - Data Engineering & Warehousing,Neon,United States,https://www.databricks.com/company/careers/field-engineering/specialist-solutions-architect---data-engineering--warehousing-8555703002,102be05983bbfea39cc9e095a8d945670811df6895a4966e0074604baa76881e,khosla_jobs,,,,,On-site,active,data engineer
"Engineering Manager, Data Services",TrueAccord,"United States, Remote",https://jobs.lever.co/trueml/8eb572b1-3606-47a9-a17b-2f26e8cb8ff5,84d5b03fec8e920578f2135265334dfdfb2b52ca820209d4585a6b8bf51e54f6,khosla_jobs,,USD 150000.0-250000.0/year,,,Remote,active,data engineer
Senior Finance Data Engineer,Opendoor,,https://www.opendoor.com/careers/open-positions/jobs/senior-finance-data-engineer-cb27be37-37ff-41fc-ae0f-89e90bbfea80,1426c0e4747e05e1095ccff9b30b812cf348905df84966eb0a139c549584011e,khosla_jobs,,,,,On-site,active,data engineer
Data Engineer,Cape Analytics,,https://careers.moodys.com/en/job/vilnius/data-engineer/49841/94478111232,153155e9c96441beea43594017fd4a01759014f27f69ce4c8f847fe12a858d9f,khosla_jobs,,EUR 44200.0-70800.0/year,,,On-site,active,data engineer
Senior Data & AI Engineer,Cape Analytics,,https://careers.moodys.com/en/job/vilnius/senior-data-and-ai-engineer/49841/94478111296,ee2364d79abd5227c6549821650419eff1b94b7cddf850fb10b64463c68ea1c7,khosla_jobs,,EUR 53300.0-85300.0/year,,,On-site,active,data engineer
Senior Data & AI Engineer,Cape Analytics,,https://careers.moodys.com/en/job/vilnius/senior-data-and-ai-engineer/49841/94478111216,8abbe7b4a76f13800fed68ac4797589cec3b93a9a91a88c03bfc36aab75b8f97,khosla_jobs,,EUR 53300.0-85300.0/year,,,On-site,active,data engineer
Associate Data Engineer,Cape Analytics,,https://careers.moodys.com/en/job/brussels/associate-data-engineer/49841/94524902352,49bee824c14e2308550c9e1b3c3d06cea07a8b3376e24c7566d077454f6bfa46,khosla_jobs,,,,,On-site,active,data engineer
Staff Software Data Engineer,Cape Analytics,,https://careers.moodys.com/en/job/brussels/staff-software-data-engineer/49841/94517096480,f3394c8296ba73dcf6fce4bcd04ce597799e4c93db485d9c76c7b8e931fb6451,khosla_jobs,,,,,On-site,active,data engineer
Software Engineer - Cloud Data Engineer,Cape Analytics,,https://careers.moodys.com/en/job/heredia/software-engineer-cloud-data-engineer/49841/94478111520,3c27ee2982f986de96e585f8fb9340374c304f2f3e23b3b78102ae99d92a5413,khosla_jobs,,,,,On-site,active,data engineer
Senior Data Engineer,Cape Analytics,,https://careers.moodys.com/en/job/lohchap/senior-data-engineer/49841/94725132320,ec2c8ac771eec029cd85cc78e5c77410918241ba2e3e739b2009096c23fb6d23,khosla_jobs,,,,,On-site,active,data engineer
Data Engineer-Data Platform & Analytics,Cape Analytics,,https://careers.moodys.com/en/job/boca-raton/data-engineer-data-platform-and-analytics/49841/94562513312,aea4c8ab58f297fc8b301045a3245dfa676505bb735272bf6e895ae413a4fd6e,khosla_jobs,,USD 95500.0-138550.0/year,,,On-site,active,data engineer
Assistant Director - Data Engineer,Cape Analytics,,https://careers.moodys.com/en/job/brussels/assistant-director-data-engineer/49841/95290309776,ca6bcc467cbf020e906e7ff0deb1c94d95163c7ddcba9870908edd289bc4f4b5,khosla_jobs,,,,,On-site,active,data engineer
Data Engineer,Cape Analytics,,https://careers.moodys.com/en/job/brussels/data-engineer/49841/95290309840,dad7859e5939a9ff4fcad992f75de74af45ff92fa1ab79b3133cb77a1b2f346e,khosla_jobs,,,,,On-site,active,data engineer
Sr Data Engineer,Cape Analytics,,https://careers.moodys.com/en/job/charlotte/sr-data-engineer/49841/95349689280,f5e68f3baff6b8ddf18f2315286b4f428df0c9c5c3b81ceb4f2a1195baff7f21,khosla_jobs,,USD 116500.0-169000.0/year,,,On-site,active,data engineer
Sr. Data Engineer,BambooHR LLC,"Remote, Utah, USA",https://boards.greenhouse.io/bamboohr17/jobs/5996687004,ab5727f9a907b37a5e378227ace67e3070a6915b847e6889aefaf7ed52a12eba,khosla_jobs,,,,,Remote,active,data engineer
"Software Engineer, Data Platform (All Teams)",DoorDash,"California, USA, San Francisco, CA, USA, Washington, USA, Sunnyvale, CA, USA, New York, NY, USA, Seattle, WA, USA",https://careersatdoordash.com/jobs/software-engineer-data-platform-all-teams/7577073,84ae90934f101b7b4cfed34d49a35853bab02b1f7cb772475a17f82c4d5d83f7,khosla_jobs,,USD 130600.0-235000.0/year,,,On-site,active,data engineer
"Engineering Manager, Data Orchestration Platform",Stripe,"United States, Remote",https://stripe.com/jobs/listing/engineering-manager-data-orchestration-platform/7942736,47051da85eed722086ed2c203ebd18ee5d79d4f169e31a2147aba5ad5de2bd0c,khosla_jobs,,USD 236000.0-354000.0/year,,,Remote,active,data engineer
Data Platform Solution Presales Engineer,Citus Data,"Sydney, NSW, Australia",https://apply.careers.microsoft.com/careers/job/1970393556868287,96aea3fd66fd365a38c2fecbf71e6ce1397626437212282317618e52c9644134,khosla_jobs,,,,,On-site,active,data engineer
Senior Staff Data Engineer - Platform Data and Analytics,Faire,"San Francisco, CA, USA",https://boards.greenhouse.io/faire/jobs/8561202002,ab713e4440dd059483913213291e8c09fb4b74c5be0fedf94cacd5d814089e84,khosla_jobs,,USD 268000.0-368500.0/year,,,On-site,active,data engineer
Senior Staff Data Engineer - Platform Data and Analytics,Faire,"Toronto, ON, Canada, Kitchener, ON, Canada",https://boards.greenhouse.io/faire/jobs/8561199002,fd314271d96554e8c11c4ef04d73bbb770693d59cb92120227caac1db74ec027,khosla_jobs,,CAD 228000.0-313500.0/year,,,On-site,active,data engineer
"ML Engineer (Data), Foundational Models",Sarvam AI,"Bengaluru, Karnataka, India",https://jobs.ashbyhq.com/sarvam/2d72a541-c805-4bd9-81cd-ac2db98611fa,891beb5d7f28f109d078715b5a57a627644138fe6cfad1fbb9c278af7b2583eb,khosla_jobs,,,,,On-site,active,data engineer
Senior AI Data Engineer,Scribd,"San Francisco, CA, USA, Portland, OR, USA, Washington, USA, Austin, TX, USA, Houston, TX, USA, Toronto, ON, Canada, Phoenix, AZ, USA, Miami, FL, USA, Mexico City, Mexico, San Diego, CA, USA, Jacksonville, FL, USA, Sacramento, CA, USA, Vancouver, BC, Canada, Ottawa, ON, Canada, Los Angeles, CA, USA, New York, NY, USA, Salt Lake City, UT, USA, Boston, MA, USA, Denver, CO, USA, Chicago, IL, USA, Seattle, WA, USA, Dallas, TX, USA, Atlanta, GA, USA, Multiple locations",https://jobs.ashbyhq.com/ScribdInc/e928c933-c006-4420-84e6-f9fb1187a090,3c6cb63eb8b9f629e3144a0304bb1288718f5a926be791d0654d247f4d919eae,khosla_jobs,,USD 155000.0-235000.0/year,,,On-site,active,data engineer
"Software Engineer 2, Azure Data Platform",Citus Data,"San José Province, San José, Costa Rica",https://apply.careers.microsoft.com/careers/job/1970393556867275,1417aed45c647a3969d88c16431ed1ccd3326816ab2b8757ad5780b4f7d91c73,khosla_jobs,,,,,On-site,active,data engineer
Senior Software Engineer - Java,Cape Analytics,,https://careers.moodys.com/en/job/heredia/senior-software-engineer-java/49841/94478110880,23c60dae460ba1936a58dec4449db71690a8c0591815a3c37b1c5c7c911af199,khosla_jobs,,,,,On-site,active,data engineer
AI Data Engineer,Volterra,"Bengaluru, Karnataka, India, Hyderabad, Telangana, India, Guadalajara, Jalisco, Mexico",https://ffive.wd5.myworkdayjobs.com/f5jobs/job/Hyderabad/AI-Data-Engineer_RP1037288-1,ded4a42f3e9793efbe9026385a84ba1d2b09fb5b47ed2a90a76364fa52644c9e,khosla_jobs,,,,,On-site,active,data engineer
"Senior Data Engineer, Core Experimentation",OpenAI,"Seattle, WA, USA",https://jobs.ashbyhq.com/openai/2796d32a-9f7c-4008-a2c5-50dd53b0f2fe,4fbba4c15b56a8e108f8831a1a56fe9e535a413e7f78ebdbef6bda76c268d36e,khosla_jobs,,USD 293000.0-325000.0/year,,,On-site,active,data engineer
Senior Solutions Engineer - Qatar & S.Africa Fly-in,Neon,"Paris, France, London, UK",https://www.databricks.com/company/careers/field-engineering---other/senior-solutions-engineer---qatar--safrica-fly-in-8544165002,cd174b26ee964c477b5773e02c209f601458cd0c63d105ab1569c4d67efe0a2b,khosla_jobs,,,,,On-site,active,data engineer
Solutions Engineer — AI & Data Science Specialist,Volterra,"London, UK",https://ffive.wd5.myworkdayjobs.com/f5jobs/job/Field-VA/Solutions-Engineer---AI---Data-Science-Specialist_RP1036564,13154401d4239ac03168ad788f72feebcfb53387e49bdd77f70d9bc218d4f173,khosla_jobs,,USD 123500.0-185300.0/year,,,On-site,active,data engineer
"Senior Engineering Manager, Data Engineering",Checkr,"San Francisco, CA, USA, Denver, CO, USA",https://boards.greenhouse.io/checkr/jobs/7921643,a9a091ab7d9669085accfe1b243a07fe6ee661fb9784863252d1561f8b6954cb,khosla_jobs,,USD 227000.0-316000.0/year,,,On-site,active,data engineer
"Data Engineer, People Innovation Labs",OpenAI,"San Francisco, CA, USA",https://jobs.ashbyhq.com/openai/579595e5-0b16-485e-b7c5-102fc7467def,0598df6e5111dd52b5d81c3305c7a748105f7b90f479741ffab76cb23c24206b,khosla_jobs,,USD 293000.0-325000.0/year,,,On-site,active,data engineer
"Manufacturing Engineer - Weekend First Shift (Fri, Sat, Sun)",Commonwealth Fusion Systems,"Devens, MA, USA",https://jobs.lever.co/cfsenergy/2e5a886d-fa18-4b89-9a67-c2f87099cae9,12927264b224ca9962c940fcf495e2244627afdedfed056b2c7f576ba5d2bef3,khosla_jobs,,USD 90000.0-145000.0/year,,,On-site,active,data engineer
"Backend Engineer, Data",Stripe,"Toronto, ON, Canada",https://stripe.com/jobs/listing/backend-engineer-data/7913700,1552bd153e4cccfc3f7757cba0bab855642aa29870bc89baa4ac28c9bfc4b613,khosla_jobs,,CAD 172000.0-258000.0/year,,,On-site,active,data engineer
Senior Robotics Data Engineer,Nomagic,"Warsaw, Poland",https://jobs.lever.co/Nomagic/25962814-9195-40ed-ab13-aaead9ab06f7,0c3a6e7ecf2ad684e1af58819939197c45869e359f75c89aa860bd9ba2798a95,khosla_jobs,,EUR 26000.0-32000.0/month,,,On-site,active,data engineer
"Senior Staff Software Engineer, Backend (Data and Storage Services)",Affirm,"United States, Remote",https://boards.greenhouse.io/affirm/jobs/7728511003,729b1d772f199f144dacc642668edbabba4e89cb751fcd077c29fadf702a9928,khosla_jobs,,USD 232000.0-310000.0/year,,,Remote,active,data engineer
"Senior Staff Software Engineer, Backend (Data and Storage Services)",Affirm,"Canada, Remote",https://boards.greenhouse.io/affirm/jobs/7728513003,acf9081cfc581c588180098d879e1efcd14f7e3dcd4ec118277907021fd33df8,khosla_jobs,,USD 206000.0-256000.0/year,,,Remote,active,data engineer
"Data Science, Analytics Engineer - Vaga exclusiva para PCD",DoorDash,"São Paulo, SP, Brazil",https://careersatdoordash.com/jobs/data-science-analytics-engineer---vaga-exclusiva-para-pcd/7875036,52a64a5e7021b5d9089a06fe57e89c331d580244a9902fa0ddde11ee54e038ca,khosla_jobs,,,,,On-site,active,data engineer
"Principal Software Engineer, AI (Web & Data)",Okta,"Toronto, ON, Canada",https://boards.greenhouse.io/okta/jobs/7819118,344ab1fd33b50f96a9b009e3146c425f5ea082e3d1c93e8a759c7ea7917a1b27,khosla_jobs,,CAD 175000.0-192500.0/year,,,On-site,active,data engineer
"Software Engineer, Data Platform",Lattice,"Canada, Remote",https://boards.greenhouse.io/lattice/jobs/8434050002,7f994525d9e1bb41c03bb3f95f4da8153e0a7d934a949028fe181ab9c94111ee,khosla_jobs,,CAD 90000.0-120000.0/year,,,Remote,active,data engineer
"Staff Software Engineer, Java, Spring (Backend)",Okta,"Bengaluru, Karnataka, India",https://boards.greenhouse.io/okta/jobs/7916607,7fc50bbecc6c8bb42ea3bed94a6daa9383b9c52d70954d6701e5bcf6b967dd96,khosla_jobs,,,,,On-site,active,data engineer
Software Engineer II - Data Engineering,Rocket Lab,"Auckland, New Zealand",https://boards.greenhouse.io/rocketlab/jobs/7727892003,8ae30d7416fc0bbd6326cb32475f0e8451619dc6e074470f2f53afa73a1bab8b,khosla_jobs,,,,,On-site,active,data engineer
Data Engineer - Analytics Platform,Faire,"Toronto, ON, Canada, Kitchener, ON, Canada",https://boards.greenhouse.io/faire/jobs/8538503002,d8610d68b0fb7c07b11c26e517361a8ccec1fe462ad4bea1c1823b866727c771,khosla_jobs,,CAD 129500.0-178000.0/year,,,On-site,active,data engineer
"Software Engineer, Intern - Vaga para mulheres",DoorDash,"São Paulo, SP, Brazil",https://careersatdoordash.com/jobs/software-engineer-intern---vaga-para-mulheres/7892058,8535c93c6608b880b8246ba71afe81cae5e6bc76fbb90f27be389e889bad8b8c,khosla_jobs,,,Internship,,On-site,active,data engineer
Clinical Data Engineer,Eight Sleep,"Boston, MA, USA",https://jobs.ashbyhq.com/eightsleep/63be4811-838b-4075-8828-718603c11eba,74141ba771166508ce83d5f1acf1938a4a1922ebc8116e9eae650473a99fb4bb,khosla_jobs,,USD 110000.0-130000.0/year,,,On-site,active,data engineer
"Engineering Manager, LATAM Payments Experiences",Stripe,"são paulo, state of são paulo, brazil",https://stripe.com/jobs/listing/engineering-manager-latam-payments-experiences/7909561,c0476c5fd0e36898b14754e90545e44ad30c1a1d274c790a95092e00ceb56089,khosla_jobs,,,,,On-site,active,data engineer
"Software Engineer, Intern - Vaga exclusiva para PCD",DoorDash,"São Paulo, SP, Brazil",https://careersatdoordash.com/jobs/software-engineer-intern---vaga-exclusiva-para-pcd/7892056,278a49ea428fed75c97bb2e37ec751cce1d7d8cb32bf3fcb717a93474fb4cadc,khosla_jobs,,,Internship,,On-site,active,data engineer
Staff Data Engineer,Sarvam AI,"Bengaluru, Karnataka, India",https://jobs.ashbyhq.com/sarvam/7ee2ff5d-32a2-4b0a-9ae9-117ba8b626d1,c7b2404e77a4d9cd7b9c2b9fb822841695bbc0b7eed2d59eef359c2660ef854c,khosla_jobs,,,,,On-site,active,data engineer
"Software Engineer Manager, Okta Developer Foundation",Okta,"Bengaluru, Karnataka, India",https://boards.greenhouse.io/okta/jobs/7855584,6096eee80dacae1d78e9d3639a2ade2af584bf732f3062c8f62427a6dc3fae70,khosla_jobs,,,,,On-site,active,data engineer
"Sr. Manager, Field Engineering Qatar&Africa",Neon,"Paris, France, London, UK",https://www.databricks.com/company/careers/field-engineering---other/sr-manager-field-engineering-qatarafrica-8535812002,a17238a8ff8e31ed0918a4c0aa7c03c873e3898f24fa882e7d477cc29d3dd827,khosla_jobs,,,,,On-site,active,data engineer
Assistant Director - DevOps Engineer,Cape Analytics,,https://careers.moodys.com/en/job/brussels/assistant-director-devops-engineer/49841/95050482512,66d5a5ca60ab53ea62ecc98f833b254fe440ab698eebcaa73ebf86ec5b31039b,khosla_jobs,,,,,On-site,active,devops engineer
AI DevOps Engineer,Cape Analytics,,https://careers.moodys.com/en/job/charlotte/ai-devops-engineer/49841/94478111744,44a14cdf7606be481cd2bb41512ce5649737810adcfd4803f495b4e88c82d246,khosla_jobs,,USD 95500.0-157700.0/year,,,On-site,active,devops engineer
Asst Dir-DevOps Engineer,Cape Analytics,,https://careers.moodys.com/en/job/bengaluru/asst-dir-devops-engineer/49841/95239879600,939d543b35925ad1ce81f1ae212ad55ef6b1da0efdc3efa47bdb5559018ac0e6,khosla_jobs,,,,,On-site,active,devops engineer
Asst Dir-DevOps Engineer,Cape Analytics,,https://careers.moodys.com/en/job/bengaluru/asst-dir-devops-engineer/49841/95362229376,55a1afed3fd63b595982da787e53c578d8a51f57cfa8dd2089f280b1ed1a1820,khosla_jobs,,,,,On-site,active,devops engineer
Site Reliability Engineer (SRE/ DevOps) - Engineering Productivity,Arista Networks,"Dublin, Ireland",https://jobs.smartrecruiters.com/AristaNetworks/744000127996779,48277c18caad185884f9a391b9f1875fd96918bf32abb3c2884e4c9aeb89aea4,khosla_jobs,,,,,On-site,active,devops engineer
Site Reliability Engineer (SRE/ DevOps) - Engineering Productivity - Sydney,Arista Networks,"Sydney, NSW, Australia",https://jobs.smartrecruiters.com/AristaNetworks/744000127601483,91c007121741a2c4f2b4cc58db09bbd1f4b188462b7ff148973df81b873db811,khosla_jobs,,,,,On-site,active,devops engineer
SecOps Engineer,Upstart,"United States, Remote",https://boards.greenhouse.io/upstart/jobs/7940042,79def427f6c82fd01ead3947768644d9c2bd68de2e4654858dabd206466d7081,khosla_jobs,,USD 111900.0-155000.0/year,,,Remote,active,devops engineer
DevOps Engineer I,TrueAccord,"Argentina, Remote",https://jobs.lever.co/trueml/d56d0e86-c4ed-4d6a-a9f8-81b76b5009fc,28f01b7bb24bd1aa099bd8d7072999cac6633ac58fb6ecd0d51dbebf8697a840,khosla_jobs,,USD 39600.0-47600.0/year,,,Remote,active,devops engineer
"Senior Software Engineer II AI-Native, Mobile, Developer Experience",Tile,"United States, Canada, Remote",https://boards.greenhouse.io/life360/jobs/8558759002,b6d920420d8877c772af3cee1e025bf009355fd8f1ad65b3b19efd3d7e119557,khosla_jobs,,USD 148000.0-216000.0/year,,,Remote,active,devops engineer
"Software Engineer, Infrastructure/Developer Tooling (Hybrid)",Homebase,"Toronto, ON, Canada",https://jobs.ashbyhq.com/homebase/f13a9d01-9ba9-4c6b-9512-dd7efeb9afcf,a81682f47a6f6bb04eba17e1d5e1613c91d6fa1c73ae29a3dcb4b6a84e787f9d,khosla_jobs,,CAD 108800.0-128000.0/year,,,On-site,active,devops engineer
"Software Engineer, Infrastructure/Developer Tooling (Hybrid)",Homebase,,https://www.joinhomebase.com/careers?ashby_jid=f13a9d01-9ba9-4c6b-9512-dd7efeb9afcf,2458f1f423ec9ae41f6ce2b4c6012bec309c4d80d54747efa364bd3a905c56b2,khosla_jobs,,,,,On-site,active,devops engineer
"Software Engineer, Infrastructure, Consumer Devices",OpenAI,Singapore,https://jobs.ashbyhq.com/openai/af431679-3d98-47a4-9a70-52edbb4c491d,4e454b594f7128fe5c4d2e106d48cf6d2becb85d1e4d318e688e7b3496df0d57,khosla_jobs,,USD 325000.0-440000.0/year,,,On-site,active,devops engineer
Staff Software Engineer - Android Device Authenticators,Okta,"Toronto, ON, Canada",https://boards.greenhouse.io/okta/jobs/7917929,a5bd2dfdb479ac45bc29177503b30a43aff107fda2ba06268f58f1f04bf0fd16,khosla_jobs,,CAD 160000.0-240000.0/year,,,On-site,active,devops engineer
"Staff Software Engineer, AI & Developer Tooling",Scribd,"San Francisco, CA, USA, Washington, USA, Austin, TX, USA, Houston, TX, USA, Toronto, ON, Canada, Miami, FL, USA, Mexico City, Mexico, Jacksonville, FL, USA, Ottawa, ON, Canada, New York, NY, USA, Washington, DC, USA, Salt Lake City, UT, USA, Boston, MA, USA, Denver, CO, USA, Chicago, IL, USA, Dallas, TX, USA, Atlanta, GA, USA, Raleigh, NC, USA",https://jobs.ashbyhq.com/ScribdInc/423eb3d3-0a9b-4378-ad06-233a9cfd480d,f3874a2dfc63ed56d551b39b44076295222de267e2776777f5b944656899f2e3,khosla_jobs,,USD 145000.0-261500.0/year,,,On-site,active,devops engineer
"Director of Engineering, Developer Integrations (Auth0)",Okta,"Bengaluru, Karnataka, India",https://boards.greenhouse.io/okta/jobs/7919336,69ec348b159a5e9c7184a3ba78ff01b8216ed41d9356558a340146573b31579d,khosla_jobs,,,,,On-site,active,devops engineer
Site Reliability Engineer (SRE/ DevOps) - Engineering Productivity,Arista Networks,"Poland, Remote",https://jobs.smartrecruiters.com/AristaNetworks/744000125812204,791f782186587c4867cf46a6cd4c88375b165a30335a4621b01e460f5dea9d8c,khosla_jobs,,,,,Remote,active,devops engineer
Developer Experience Engineer (Mandarin-Speaking),OpenAI,Singapore,https://jobs.ashbyhq.com/openai/b6844d14-83a3-4993-aec9-9725ac1ac4c3,d515cbe4fc9a8c47d0cacc6045ea5019faca0584efe70ea9a9bb2d505059e464,khosla_jobs,,,,,On-site,active,devops engineer
Developer Experience Engineer,OpenAI,"Seoul, South Korea",https://jobs.ashbyhq.com/openai/14994645-e453-478c-be65-511dc156a961,48505e5390ce3101935908337e47964a6e5b6375384eae3686277c3f05582f66,khosla_jobs,,,,,On-site,active,devops engineer
"Senior Engineer, Process Development Engineer",Synchron,"San Diego, CA, USA",https://workforcenow.adp.com/mascsr/default/mdf/recruitment/recruitment.html?cid=d290c04e-0230-4cd9-8bf0-f116bfab1405&ccId=19000101_000003&jobId=561318,d34d3ca91454e54ed3cfaab8d647ffd8ad746c6ac71a3d1ab382b66dca5668ca,khosla_jobs,,USD 140000.0-160000.0/year,,,On-site,active,devops engineer
Principal Software Development Engineer,Volterra,"Bengaluru, Karnataka, India, Hyderabad, Telangana, India",https://ffive.wd5.myworkdayjobs.com/f5jobs/job/Hyderabad/Principal-Software-Development-Engineer_RP1037500,42524671395b4e95227921645b12198ddb30a63feeff0c133094825db136f0d9,khosla_jobs,,,,,On-site,active,devops engineer
Propulsion Development Engineer,Hermeus,"Los Angeles, CA, USA",https://jobs.lever.co/hermeus/be9f1489-a625-4c85-b7fc-c9eb7ecceae2,c0819bd837c5ed243f79200c1dccb2353550daebd51bd234c14dfda3424f5271,khosla_jobs,,USD 91800.0-187450.0/year,,,On-site,active,devops engineer
Software development Engineer II,Volterra,"Hyderabad, Telangana, India",https://ffive.wd5.myworkdayjobs.com/f5jobs/job/Hyderabad-SEZ/Software-development-Engineer-II_RP1037253,73291c67d69b590fe213372ac1a48011f1d92f3273d583b6b02513c9b838b1bb,khosla_jobs,,,,,On-site,active,devops engineer
"Senior Engineer, FGA Developer Tooling",Okta,"Bengaluru, Karnataka, India",https://boards.greenhouse.io/okta/jobs/7780942,b5bf5d98868bbb66539946813372eb382ef9f49fa34fe276e784280bca36034d,khosla_jobs,,,,,On-site,active,devops engineer
Senior Development Engineer,Rocket Lab,"Auckland, New Zealand",https://boards.greenhouse.io/rocketlab/jobs/7719099003,d8ae624ca5d16ebc5fd94ec878a3b6bca89de437ef583bdc1d81d9d4cb1bc4ab,khosla_jobs,,,,,On-site,active,devops engineer
Development Engineer,Rocket Lab,"Auckland, New Zealand",https://boards.greenhouse.io/rocketlab/jobs/7719280003,b91e382b938fb83dbbfd2e123f1718f0c0a79d3ce1447fe633d6a057cb937a13,khosla_jobs,,,,,On-site,active,devops engineer
"Vice President of Engineering, DevOps Engineering",GitLab,"United States, Remote",https://boards.greenhouse.io/gitlab/jobs/8509682002,8358115bc34a1591c7a65e5df0cecfcf747ab51a3ea858b8973f5f89f845ecb3,khosla_jobs,,,,,Remote,active,devops engineer
DevOps Engineer,Eight Sleep,"Shenzhen, Guangdong, China",https://jobs.ashbyhq.com/eightsleep/227e8352-9128-4bf3-8928-bf9d7518dd9f,822779bd4e764f2fb8b7e9c45a244c7871149aa24339ec272c33f87e26ea48f9,khosla_jobs,,,,,On-site,active,devops engineer
DevOps Engineer - Flight Software,Hermeus,"Los Angeles, CA, USA, Atlanta, GA, USA",https://jobs.lever.co/hermeus/b9196a15-f4b8-4596-9988-6420ddd2846e,5f07ff18e750d076ca792868510de62268cc1db7666667384b2be8ee8156999c,khosla_jobs,,USD 177000.0-205000.0/year,,,On-site,active,devops engineer
DevOps Engineer,Velo3D,"Fremont, CA, USA",https://jobs.lever.co/velo3d/b16d686b-7ccd-4289-beb3-f5ef47502cdc,c91c68c4e933d4cafefab146877fe30090d2778f397fb1e09067bf4ef1df5688,khosla_jobs,,USD 140000.0-180000.0/year,,,On-site,active,devops engineer
DevOps Engineer,House Rx,"United States, Remote",https://boards.greenhouse.io/houserx/jobs/4689844005,68301951022f38b0d539cd70e9f20540b524b591d6c426462ffd7a83f64c6ba2,khosla_jobs,,USD 75000.0-95000.0/year,,,Remote,active,devops engineer
Developer Experience Engineer,OpenAI,"India, Remote",https://jobs.ashbyhq.com/openai/a9229465-4048-444c-9c03-1f281bcf2373,18bc3d9c25aa6e87b40479fac5338ada790fe17ada09e671518b670db57e5165,khosla_jobs,,,,,Remote,active,devops engineer
"Mgr, Software Development Engineering",Volterra,"California, USA, Seattle, WA, USA",https://ffive.wd5.myworkdayjobs.com/f5jobs/job/Seattle/Mgr--Software-Development-Engineering_RP1037265,ae6c3a5749fe7244df2f0df3d255ddc0daaa6da33e64f09c63430548cc5e8a0d,khosla_jobs,,USD 172800.0-259200.0/year,,,On-site,active,devops engineer
AI Sales Specialist,Abacus.AI,United States,https://www.linkedin.com/jobs/view/ai-sales-specialist-at-abacus-ai-4417232201,ccd54c2e5441996b46c1bd9cbfd859cc3e515ba49378015c25c2eb04fd3723ca,khosla_jobs,,USD 120000.0-120000.0/year,,,On-site,active,devops engineer
Emerging Talent - Recruiting Program Manager,Replit,"Foster City, CA, USA",https://jobs.ashbyhq.com/replit/eedcefbc-7ed6-41ea-9ba9-865ac23bcf8b,38bd7c24f1a97ef092783eb6a71b75df89363953ad702814cc9214acd98792bf,khosla_jobs,,USD 110000.0-114000.0/year,,,On-site,active,devops engineer
"Engineering Manager, Anti-Abuse & Security",Replit,"Foster City, CA, USA",https://jobs.ashbyhq.com/replit/ccab8626-7245-4ed9-9c99-b77df70b2dc8,f5fb1b1997c379fbc1d2a6954bf36fc91c4102abdd61b8569843bcc66f0363f2,khosla_jobs,,USD 210000.0-275000.0/year,,,On-site,active,devops engineer
Security Engineer - Vuln Management (Infra),Replit,"Foster City, CA, USA",https://jobs.ashbyhq.com/replit/4b290489-9ce6-45f9-bbc8-e1baa4bd8b6f,cac15890d8bb9535af72b3a48e9f2653edf20083163500ab89144f79bee803f5,khosla_jobs,,USD 210000.0-270000.0/year,,,On-site,active,devops engineer
AI Conversation Designer,Checkr,"Nashville, TN, USA",https://boards.greenhouse.io/checkr/jobs/7958414,7e2428373ea49274b2d578476e50f768c4378f82370c29690daf17628fefeeea,khosla_jobs,,USD 90000.0-112000.0/year,,,On-site,active,devops engineer
Head of/VP of Engineering,Mimica Automation,"Canada, Ireland, France, Italy, Spain, Poland, Netherlands, Barcelona, Spain, Norway, Austria, Denmark, Remote, Sweden, Czechia, Estonia, Portugal, Multiple locations",https://jobs.ashbyhq.com/mimica/26c68a85-1e2e-444a-a5cb-195d3ad526d8,3788567acbf5be0655067172dfcceaf4a97687248059d307d3b94934de3fd5dc,khosla_jobs,,,,,Remote,active,devops engineer
Robotics Engineer - Navigation focus,Scaled Foundations,"Redmond, WA, USA",https://jobs.ashbyhq.com/generalrobotics/f20e520c-e259-4f4d-9d38-142b57495d3f,188d341546a7b59f4280dbb9662c9c49bae134948f3c8f270534f0abfdb708bc,khosla_jobs,,USD 155000.0-205000.0/year,,,On-site,active,devops engineer
Product Manager,Limbic,United States,https://jobs.ashbyhq.com/limbic/3c3bafc6-c2b4-444e-8079-3aaf398a7e82,8545c88a8fcf7e120126fb7d7b6fdf6ead7e1162ea10a11ed562ddd3c40e8755,khosla_jobs,,,,,On-site,active,product manager
"Product Manager, Terminal Device Expansion",Stripe,"New York, NY, USA",https://stripe.com/jobs/listing/product-manager-terminal-device-expansion/7927089,0e814ec3f30fa4282d745d27849ad63750d91f1c09cd1c04c737f755d2481459,khosla_jobs,,USD 178600.0-268000.0/year,,,On-site,active,product manager
"Product Manager, Network",Oscar Health,"San Francisco, CA, USA",https://boards.greenhouse.io/oscar/jobs/7958951,a55d9463d170cfe96f9c883afa45ae53b8f150589bda5255e3ba01ede4d44422,khosla_jobs,,USD 135792.0-178227.0/year,,,On-site,active,product manager
"Product Manager, Network",Oscar Health,"Boston, MA, USA",https://boards.greenhouse.io/oscar/jobs/7958948,dd60c51c565c8462639454d87cf3ac4cebef0fa52a64f9fe2400de7e0ab4e73b,khosla_jobs,,USD 135792.0-178227.0/year,,,On-site,active,product manager
"Product Manager, Network",Oscar Health,"New York, NY, USA",https://boards.greenhouse.io/oscar/jobs/7917902,1b06e3eef88f04df3aad56a21d45c2e38e0efe0f9d0e9b3727f6744c8649ecf8,khosla_jobs,,USD 135792.0-178227.0/year,,,On-site,active,product manager
"Product Manager, Network",Oscar Health,"Los Angeles, CA, USA",https://boards.greenhouse.io/oscar/jobs/7958947,4fbca4b1682816f20f0c6efea27ae2907942d094318224123b4888d2c1348408,khosla_jobs,,USD 135792.0-178227.0/year,,,On-site,active,product manager
Staff Product Manager | Cloud Data Platform,SingleStore,United States,https://boards.greenhouse.io/singlestore/jobs/7956719,5493f38152a8228a4cc883137e707b4018814cc67e696a049e95ec88ad3cd4cb,khosla_jobs,,,,,On-site,active,product manager
Staff Product Operations Manager,Neon,"Bengaluru, Karnataka, India",https://www.databricks.com/company/careers/engineering/staff-product-operations-manager-8560096002,203668190e6cecb064269fccc6e010014916cc8010a384e81af29288902db53b,khosla_jobs,,,,,On-site,active,product manager
"Product Manager, Monetization & Retention",Sarvam AI,"Bengaluru, Karnataka, India",https://jobs.ashbyhq.com/sarvam/6390e602-7b98-4700-baa9-ced5be8b1651,69f88103c32a1dc4b0606d798beee71beb636ca53edb07ed188c230c4e7d91a9,khosla_jobs,,,,,On-site,active,product manager
"Product Manager, Growth",Sarvam AI,"Bengaluru, Karnataka, India",https://jobs.ashbyhq.com/sarvam/929e2e12-7a2f-4e28-9d27-f220910b2125,47d76aef1c281caed273e8f2341bbee4e32aa3080cb02f6ff9b2391e729665c2,khosla_jobs,,,,,On-site,active,product manager
Associate Director - Data Platform Product Manager,Cape Analytics,,https://careers.moodys.com/en/job/brussels/associate-director-data-platform-product-manager/49841/94478111664,1eb61a2dda0f92e2aceabb8374f8773bbae0372230758b67f48474683d41640e,khosla_jobs,,,,,On-site,active,product manager
Assc Dir-Product Manager,Cape Analytics,,https://careers.moodys.com/en/job/brussels/assc-dir-product-manager/49841/94478111920,ed3e8611f572bcd7072d049ed9c187b1cdb74e3fcd80d5ebb8c97e14cd63de28,khosla_jobs,,,,,On-site,active,product manager
Data Product Manager,Cape Analytics,,https://careers.moodys.com/en/job/new-york/data-product-manager/49841/94478111824,4d8446174af3104441959890a81ae9cf5664a23bf20b7a0ebac949cd34e36193,khosla_jobs,,USD 142500.0-206700.0/year,,,On-site,active,product manager
Asst Dir-Product Manager,Cape Analytics,,https://careers.moodys.com/en/job/bengaluru/asst-dir-product-manager/49841/95374184624,0466d4572f25fc6fdd7ac767d9956b7ccabfbcf3ed83cf14545311f7c73c7bee,khosla_jobs,,,,,On-site,active,product manager
Asst Dir-Product Manager,Cape Analytics,,https://careers.moodys.com/en/job/newark/asst-dir-product-manager/49841/95349689296,f4b06d6003d24b085264d41234549fbecab88cae000763018de55e491c6d8061,khosla_jobs,,USD 127700.0-185150.0/year,,,On-site,active,product manager
"Product Manager, Workflows",Rad AI,"San Francisco, CA, USA",https://jobs.ashbyhq.com/radai/79a785dc-4c57-4cc1-8d0d-0a5107bab7fa,857392cae8ceb502298827f29208525c47dd5543bea72faf875d81583ac35874,khosla_jobs,,USD 180000.0-210000.0/year,,,On-site,active,product manager
"Product Manager, SDK",Rad AI,"San Francisco, CA, USA",https://jobs.ashbyhq.com/radai/cc37ca83-602b-444e-86e7-b271cf93c061,939eb7738711883d3fe7b49533583b5431049a6161b3b9a7f55e86e491e4c5fe,khosla_jobs,,USD 180000.0-210000.0/year,,,On-site,active,product manager
Product Design Program Manager,OpenAI,"San Francisco, CA, USA",https://jobs.ashbyhq.com/openai/d59151b2-5b9e-481d-b9a7-ad8225b2dd32,e5ea46f95c2754d6af985327bcfb35e051402ddeff7ffd34f6cec9aab321e076,khosla_jobs,,USD 216000.0-240000.0/year,,,On-site,active,product manager
"Principal Product Manager, AI Native (Engagement)",Tile,"United States, Canada, Remote",https://boards.greenhouse.io/life360/jobs/8562336002,522352c79a4158aae3ddc8fb53f44448edf93f1bbfb5b9e8aec8acc800515d4f,khosla_jobs,,USD 156000.0-230000.0/year,,,Remote,active,product manager
Product Finance & Strategy Manager,Checkr,"San Francisco, CA, USA",https://boards.greenhouse.io/checkr/jobs/7954593,db8fdd936fb8b8a888bfc4ad9e53c6d7a6b2a52a24aab9817e782151eb270d77,khosla_jobs,,USD 161000.0-189000.0/year,,,On-site,active,product manager
"Staff Product Manager, Adaptive Pricing",Stripe,"Dublin, Ireland",https://stripe.com/jobs/listing/staff-product-manager-adaptive-pricing/7912407,5e684c5304feb19c9391b1b6da98b3f87a9df2ce2217f092bc6a488da3953f00,khosla_jobs,,EUR 124800.0-187200.0/year,,,On-site,active,product manager
"Staff Product Manager, Local Processor Acquiring",Stripe,"Dublin, Ireland",https://stripe.com/jobs/listing/staff-product-manager-local-processor-acquiring/7953691,ea1656596c9812f1970e561ca8ba0e8a54cf5cdaaf8a01d52679da0bb16de9a7,khosla_jobs,,EUR 124800.0-187200.0/year,,,On-site,active,product manager
Product Manager - Agent Twin,Scaled Cognition,"Mountain View, CA, USA",https://jobs.ashbyhq.com/scaled-cognition/d8aa1291-3b54-4675-a876-42d12347eb23,3e8d6e2ca1d260e2a43b7ebaba0075067a496200c8b1d60eeecac3157019bee7,khosla_jobs,,,,,On-site,active,product manager
Senior Product Marketing Manager,ThoughtSpot,"Bengaluru, Karnataka, India",https://in.linkedin.com/jobs/view/senior-product-marketing-manager-at-thoughtspot-4416159697,828ca72111941aa3aa650dc1b5ad7dcd8892f1b6a270ca4402c6c0b6d51ac965,khosla_jobs,,,,,On-site,active,product manager
"Product Manager, Support Experience",Stripe,"South San Francisco, CA, USA",https://stripe.com/jobs/listing/product-manager-support-experience/7920028,a1cd8f5d94e8198f837857c667d043842c9fc6eee5c99c3a04635e6e121f9a18,khosla_jobs,,USD 146400.0-219600.0/year,,,On-site,active,product manager
"Staff Product Manager, Support Experience",Stripe,"Seattle, WA, USA",https://stripe.com/jobs/listing/staff-product-manager-support-experience/7920219,4db05453f96ed72533cc00fb11aae50daec76841f541bd49d83f9babd3eae618,khosla_jobs,,USD 214300.0-321500.0/year,,,On-site,active,product manager
"Product Manager, Ecosystem Risk",Stripe,"Ireland, Remote",https://stripe.com/jobs/listing/product-manager-ecosystem-risk/7943244,8c5a23192019027a4780389b9451509a73f94bc8abafadf20b2337cfd9fcb201,khosla_jobs,,EUR 102400.0-153600.0/year,,,Remote,active,product manager
"Product Manager, Ecosystem Risk",Stripe,"Remote, United Kingdom",https://stripe.com/jobs/listing/product-manager-ecosystem-risk/7947422,f2e204258d81bea66e1d255133347e716adee4cc14c658f9e6178851c7a77714,khosla_jobs,,EUR 102400.0-153600.0/year,,,Remote,active,product manager
"Senior Security Engineering Manager, Product Security",Upstart,"United States, Remote",https://boards.greenhouse.io/upstart/jobs/7946818,c3dced23deb46f2b468077e8906409ea11393a0f0680717c12f5b197755f5756,khosla_jobs,,USD 190600.0-263900.0/year,,,Remote,active,product manager
Principal Product Manager,True Link Financial,"Indiana, USA, Remote",https://jobs.ashbyhq.com/truelinkfinancial/30d8f702-754a-4f8d-843b-6e21b1db37e8,68420ca4bfd9e3fa14441452e5009e24d122dcc4b85151793ddd3912072d8eee,khosla_jobs,,,,,Remote,active,product manager
Senior Product Manager,Citus Data,"Redmond, WA, USA",https://apply.careers.microsoft.com/careers/job/1970393556865838,b9127457c5ee7e0702e4e69f28b4527cebb8775ccf21cbbc878c8ccfc354f5e2,khosla_jobs,,,,,On-site,active,product manager
"Technical Product Manager, GTM Systems",OpenAI,"San Francisco, CA, USA",https://jobs.ashbyhq.com/openai/b09be44d-3bf8-40a4-84cd-b7539fc73726,078afe18b24ada8cf8db779ac4a30885b55a83422c99fccb99fbe83fc8928fc5,khosla_jobs,,USD 216000.0-240000.0/year,,,On-site,active,product manager
"Regional Product Marketing Manager, United Kingdom",Stripe,"London, UK",https://stripe.com/jobs/listing/regional-product-marketing-manager-united-kingdom/7921325,ad418fc9abf9da2901b1965bb4b22a2818236fd8cdcef0eeed4f2104dde8c8b3,khosla_jobs,,GBP 110200.0-165400.0/year,,,On-site,active,product manager
"Product Manager, Growth AI Outreach Motion",Stripe,"Toronto, ON, Canada",https://stripe.com/jobs/listing/product-manager-growth-ai-outreach-motion/7809139,92398c6be28afd277d08f0ddf87826b5304fdf726edcb55b6f6cb9f0a328daca,khosla_jobs,,CAD 151200.0-226800.0/year,,,On-site,active,product manager
"Senior Staff Product Manager, Truework",Checkr,"San Francisco, CA, USA",https://boards.greenhouse.io/checkr/jobs/7942638,e22bf9fd565d0b5a5b1a6f71ff1bf0879f53f091d6801fcfd0a714e7634a4f4e,khosla_jobs,,USD 247000.0-290000.0/year,,,On-site,active,product manager
"Manager, Electrical New Product Engineering (ENPIE)",Arista Networks,"Santa Clara, CA, USA",https://jobs.smartrecruiters.com/AristaNetworks/744000127345539,c39e9ef64f3c75c556e328c27f6f890d45de0d45c618fb756cb88ce50835a7f2,khosla_jobs,,USD 180000.0-200000.0/year,,,On-site,active,product manager
"Associate Manager, Project",Sentient Energy,"Sichuan, China, Chengdu, Sichuan, China",https://koch.avature.net/en_US/careers/JobDetail/Associate-Manager-Project/187266,b19a61a1726aa65a909a8ed8a82482c2ac88dba2fa06cdb299d64970dd507565,khosla_jobs,,,,,On-site,active,product manager
Homes Project Manager - Central Renovations Team,Opendoor,,https://www.opendoor.com/careers/open-positions/jobs/osn/homes-project-manager-central-renovations-team-1675b920-53cc-4e75-8841-beefa2dc311f,ece7d1902f66b8e37e259f2dd58d285995c36db31b692891fa12b9bd7659c08f,khosla_jobs,,,,,On-site,active,product manager
Senior Product Manager,Scribd,"San Francisco, CA, USA, Portland, OR, USA, Washington, USA, Austin, TX, USA, Houston, TX, USA, Toronto, ON, Canada, Phoenix, AZ, USA, Miami, FL, USA, Mexico City, Mexico, San Diego, CA, USA, Jacksonville, FL, USA, Sacramento, CA, USA, Vancouver, BC, Canada, Ottawa, ON, Canada, Los Angeles, CA, USA, New York, NY, USA, Salt Lake City, UT, USA, Boston, MA, USA, Denver, CO, USA, Chicago, IL, USA, Seattle, WA, USA, Dallas, TX, USA, Atlanta, GA, USA, Multiple locations",https://jobs.ashbyhq.com/ScribdInc/f9d8ca65-c972-42c7-8cb3-0c81826eb2ee,840e2877b32f13aa862de920b2e77d52e8b48ab37c5bdb97ef086a1cf38bd567,khosla_jobs,,USD 114500.0-216500.0/year,,,On-site,active,product manager
"Manager, Product Design - UGC",Scribd,"San Francisco, CA, USA, Portland, OR, USA, Washington, USA, Austin, TX, USA, Houston, TX, USA, Toronto, ON, Canada, Phoenix, AZ, USA, Miami, FL, USA, Mexico City, Mexico, San Diego, CA, USA, Jacksonville, FL, USA, Sacramento, CA, USA, Vancouver, BC, Canada, Ottawa, ON, Canada, Los Angeles, CA, USA, New York, NY, USA, Salt Lake City, UT, USA, Boston, MA, USA, Denver, CO, USA, Chicago, IL, USA, Seattle, WA, USA, Dallas, TX, USA, Atlanta, GA, USA, Multiple locations",https://jobs.ashbyhq.com/ScribdInc/8dfa3e44-5e12-4ef9-8ac8-406f1d1a96f2,98a914c0647f2cce390ba14244389c7818c7f2a78a3a882be25efad396eb2ecf,khosla_jobs,,USD 113500.0-204000.0/year,,,On-site,active,product manager
Ux Project Manager,Volterra,"Seattle, WA, USA",https://ffive.wd5.myworkdayjobs.com/f5jobs/job/Seattle/Ux-Project-Manager_RP1037457,729f4c06aec2867ecae2e394c8145fe900d9d212653e944f5a71deee5850624c,khosla_jobs,,USD 123200.0-184800.0/year,,,On-site,active,product manager
Staff Product Manager (AI Agents),Traba,"San Francisco, CA, USA, New York, NY, USA",https://jobs.ashbyhq.com/traba/d591eca5-c2ff-403d-bcf8-4d51014cb3e0,5e30eebd1e1152b13bfb5cc59fda0ce234c6da39617c0370d55361eda1448b17,khosla_jobs,,USD 210000.0-250000.0/year,,,On-site,active,product manager
Senior Product Manager (AI Agents),Traba,"San Francisco, CA, USA, New York, NY, USA",https://jobs.ashbyhq.com/traba/ca4ea8b2-2367-448e-ae32-a411ada571e1,3e1c2add240a99e9cc123817e0610a6f96bc5e7484dfed5bac390798c645a3e7,khosla_jobs,,USD 180000.0-210000.0/year,,,On-site,active,product manager
Staff Product Manager (Marketplace),Traba,"San Francisco, CA, USA, New York, NY, USA",https://jobs.ashbyhq.com/traba/374caf9a-7875-4719-9382-aa7e5ce72e9a,aa1038617de8838fd954535caef15c22b9a9856a0a875872b2bec06cefafef7b,khosla_jobs,,USD 210000.0-250000.0/year,,,On-site,active,product manager
Senior Product Manager (Marketplace),Traba,"San Francisco, CA, USA, New York, NY, USA",https://jobs.ashbyhq.com/traba/ca0f6371-f75d-46fa-8578-01906995aa9c,b5d77f0b12075eb3e7b7ae81680df93cb4c7107380a8720c02ca76954a12994a,khosla_jobs,,USD 180000.0-210000.0/year,,,On-site,active,product manager
"Senior Project Manager, Design and Construction",OpenAI,"San Francisco, CA, USA",https://jobs.ashbyhq.com/openai/744601f1-bc04-4722-bd76-2e79441e40a9,431a8562d529498cf08996c374a950450af172552d552fd0b883e3c28bc5c8e7,khosla_jobs,,USD 216000.0-240000.0/year,,,On-site,active,product manager
Product Manager,Black Ore,"New York, USA, Remote",https://blackore.ai/jobs/product-manager,4e809ba74f110c65f21bf80f64baf226587ad865077525bcc2b60ccfd2edef7a,khosla_jobs,,,,,Remote,active,product manager
Enterprise Product Support Manager,Stripe,Singapore,https://stripe.com/jobs/listing/enterprise-product-support-manager/7894387,296faeb15fe8b6d958b2216e64769b86acb9bde3660d6deeb9b027aa837af70b,khosla_jobs,,SGD 160000.0-240000.0/year,,,On-site,active,product manager
"Staff Commercial Product Manager, Trucking",Waabi,"San Francisco, CA, USA",https://jobs.lever.co/waabi/0e086966-2763-41a2-82f5-563be404b608,c106d359c991ea0a8d28ed45dbec183b74c1aeedc0cadc9f2f895914e03a684e,khosla_jobs,,USD 175000.0-240000.0/year,,,On-site,active,product manager
Production Manager,Ripple Foods,"Alsip, IL, USA",https://www.linkedin.com/jobs/view/production-manager-at-aegis-worldwide-4418502045,3997535c0e304b3c0cab0ec9b5eb25a923fdeda4c4e46ab08cc96d2df13da165,khosla_jobs,,,,,On-site,active,product manager
